Document,Label
[-0.39865163],0
[-0.4324931],0
[-0.32791358],0
[-0.3885713],0
[-0.8417179],2
[-0.318679],0
[-0.38722202],0
[-0.44471347],0
[-0.27249497],0
[0.013229584],1
[-0.44328433],0
[-0.52714807],0
[-0.49708572],0
[-0.5551396],0
[-0.23597689],0
[-0.41761005],0
[-0.22240521],0
[-0.3044143],0
[-0.42915782],0
[-0.4543515],0
[0.11058762],1
[-0.21023303],0
[-0.34694636],0
[0.0010029864],1
[-0.43454456],0
[-0.38928464],0
