Document,Label
[-0.6655545],0
[-0.27021766],1
[-0.65722734],0
[-0.11762242],1
[-1.0511754],0
[-0.73425084],0
[-0.37360787],1
[-0.2773221],1
[-0.7108571],0
[-0.6471099],0
[-0.6481609],0
[-0.42292836],1
[-0.39975476],1
[-0.7459726],0
[0.28313503],2
[-0.18199238],1
[-0.6726072],0
[-0.3411668],1
[-0.3190275],1
[-0.4882537],1
[-0.21032196],1
[-0.1663868],1
[-0.64968413],0
[-0.31013495],1
[-0.3581282],1
[-0.40017375],1
